"GAME_ID","PLAYER","SHOT_TYPE","DATE_TIME"
"RR1","RICHO","MISS","2019-03-15 23:44:03"
"RR1","KAPPAZ","HIT","2019-03-15 23:44:08"
"RR1","NAKHLA","MISS","2019-03-15 23:44:27"
"RR1","GARTER","MISS","2019-03-15 23:44:31"
"RR1","RICHO","TRICKSHOT MISS","2019-03-15 23:44:37"
"RR1","RICHO","HIT","2019-03-15 23:44:43"
"RR1","KAPPAZ","BALLS BACK","2019-03-15 23:44:50"
"RR1","RICHO","MISS","2019-03-15 23:45:07"
"RR1","RICHO","TRICKSHOT MISS","2019-03-15 23:45:15"
"RR1","KAPPAZ","MISS","2019-03-15 23:45:20"
"RR1","NAKHLA","HIT","2019-03-15 23:45:27"
"RR1","GARTER","OVERTHROW","2019-03-15 23:45:40"
"RR1","RICHO","HIT","2019-03-15 23:45:54"
"RR1","KAPPAZ","BALLS BACK","2019-03-15 23:46:06"
"RR1","RICHO","MISS","2019-03-15 23:46:39"
"RR1","RICHO","TRICKSHOT MISS","2019-03-15 23:46:45"
"RR1","KAPPAZ","MISS","2019-03-15 23:46:51"
"RR1","NAKHLA","MISS","2019-03-15 23:46:58"
"RR1","NAKHLA","TRICKSHOT MISS","2019-03-15 23:47:13"
"RR1","GARTER","MISS","2019-03-15 23:47:19"
"RR1","RICHO","TRICKSHOT MISS","2019-03-15 23:47:24"
"RR1","RICHO","HIT","2019-03-15 23:47:28"
"RR1","KAPPAZ","MISS","2019-03-15 23:47:32"
"RR1","NAKHLA","MISS","2019-03-15 23:47:46"
"RR1","GARTER","MISS","2019-03-15 23:48:00"
"RR1","RICHO","HIT","2019-03-15 23:48:10"
"RR1","KAPPAZ","TRICKSHOT MISS","2019-03-15 23:48:24"
"RR1","GARTER","OVERTHROW","2019-03-15 23:48:40"
"RR1","NAKHLA","MISS","2019-03-15 23:48:48"
"RR1","RICHO","MISS","2019-03-15 23:48:52"
"RR1","KAPPAZ","MISS","2019-03-15 23:48:59"
"RR1","NAKHLA","TRICKSHOT MISS","2019-03-15 23:49:07"
"RR1","NAKHLA","HIT","2019-03-15 23:49:18"
"RR1","GARTER","MISS","2019-03-15 23:49:30"
"RR1","KAPPAZ","TRICKSHOT MISS","2019-03-15 23:49:34"
"RR1","RICHO","MISS","2019-03-15 23:49:45"
"RR1","KAPPAZ","MISS","2019-03-15 23:49:50"
"RR1","KAPPAZ","TRICKSHOT MISS","2019-03-15 23:49:53"
"RR1","GARTER","MISS","2019-03-15 23:49:58"
"RR1","NAKHLA","TRICKSHOT MISS","2019-03-15 23:50:07"
"RR1","NAKHLA","MISS","2019-03-15 23:50:15"
"RR1","NAKHLA","TRICKSHOT MISS","2019-03-15 23:50:23"
"RR1","RICHO","MISS","2019-03-15 23:50:35"
"RR1","KAPPAZ","MISS","2019-03-15 23:50:42"
"RR1","GARTER","HIT","2019-03-15 23:50:51"
"RR1","NAKHLA","MISS","2019-03-15 23:50:56"
"RR1","RICHO","MISS","2019-03-15 23:51:03"
"RR1","KAPPAZ","MISS","2019-03-15 23:51:18"
"RR1","GARTER","MISS","2019-03-15 23:51:36"
"RR1","NAKHLA","MISS","2019-03-15 23:51:46"
"RR1","RICHO","MISS","2019-03-15 23:51:49"
"RR1","KAPPAZ","MISS","2019-03-15 23:51:54"
"RR1","GARTER","MISS","2019-03-15 23:52:03"
"RR1","NAKHLA","MISS","2019-03-15 23:52:07"
"RR1","RICHO","MISS","2019-03-15 23:52:30"
"RR1","KAPPAZ","MISS","2019-03-15 23:52:35"
"RR1","GARTER","HIT","2019-03-15 23:52:44"
"RR1","NAKHLA","SAME CUP","2019-03-15 23:52:50"
"RR1","GARTER","MISS","2019-03-15 23:53:22"
"RR1","NAKHLA","MISS","2019-03-15 23:53:27"
"RR1","RICHO","MISS","2019-03-15 23:53:34"
"RR1","KAPPAZ","MISS","2019-03-15 23:53:38"
"RR1","GARTER","MISS","2019-03-15 23:53:45"
"RR1","NAKHLA","HIT","2019-03-15 23:53:48"
"RR1","RICHO","MISS","2019-03-15 23:53:55"
"RR1","KAPPAZ","MISS","2019-03-15 23:54:03"
"RR1","GARTER","MISS","2019-03-15 23:54:13"
"RR1","NAKHLA","MISS","2019-03-15 23:54:18"
"RR1","RICHO","MISS","2019-03-15 23:54:22"
"RR1","RICHO","TRICKSHOT MISS","2019-03-15 23:54:26"
"RR1","KAPPAZ","MISS","2019-03-15 23:54:29"
"RR1","GARTER","MISS","2019-03-15 23:54:38"
"RR1","NAKHLA","MISS","2019-03-15 23:54:45"
"RR1","RICHO","MISS","2019-03-15 23:54:51"
"RR1","KAPPAZ","MISS","2019-03-15 23:54:56"
"RR1","GARTER","MISS","2019-03-15 23:55:06"
"RR1","NAKHLA","MISS","2019-03-15 23:55:09"
"RR1","RICHO","MISS","2019-03-15 23:55:14"
"RR1","KAPPAZ","MISS","2019-03-15 23:55:19"
"RR1","NAKHLA","MISS","2019-03-15 23:55:26"
"RR1","GARTER","MISS","2019-03-15 23:55:29"
"RR1","RICHO","TRICKSHOT MISS","2019-03-15 23:55:37"
"RR1","RICHO","MISS","2019-03-15 23:55:41"
"RR1","KAPPAZ","MISS","2019-03-15 23:55:43"
"RR1","GARTER","MISS","2019-03-15 23:55:50"
"RR1","NAKHLA","HIT","2019-03-15 23:55:57"
"RR1","RICHO","MISS","2019-03-15 23:56:07"
"RR1","KAPPAZ","OVERTHROW","2019-03-15 23:56:16"
"RR1","NAKHLA","TRICKSHOT MISS","2019-03-15 23:56:47"
"RR1","GARTER","MISS","2019-03-15 23:56:54"
"RR1","NAKHLA","MISS","2019-03-15 23:57:04"
"RR1","RICHO","MISS","2019-03-15 23:57:08"
"RR1","KAPPAZ","MISS","2019-03-15 23:57:15"
"RR1","GARTER","MISS","2019-03-15 23:57:21"
"RR1","NAKHLA","MISS","2019-03-15 23:57:25"
"RR1","RICHO","MISS","2019-03-15 23:57:29"
"RR1","KAPPAZ","MISS","2019-03-15 23:57:35"
"RR1","GARTER","MISS","2019-03-15 23:57:41"
"RR1","NAKHLA","MISS","2019-03-15 23:57:44"
"RR1","RICHO","MISS","2019-03-15 23:57:48"
"RR1","KAPPAZ","MISS","2019-03-15 23:57:53"
"RR1","GARTER","MISS","2019-03-15 23:58:03"
"RR1","NAKHLA","MISS","2019-03-15 23:58:08"
"RR1","RICHO","MISS","2019-03-15 23:58:11"
"RR1","KAPPAZ","MISS","2019-03-15 23:58:16"
"RR1","NAKHLA","MISS","2019-03-15 23:58:27"
"RR1","GARTER","MISS","2019-03-15 23:58:31"
"RR1","RICHO","MISS","2019-03-15 23:58:35"
"RR1","KAPPAZ","MISS","2019-03-15 23:58:38"
"RR1","GARTER","MISS","2019-03-15 23:58:46"
"RR1","NAKHLA","MISS","2019-03-15 23:58:55"
"RR1","RICHO","HIT","2019-03-15 23:59:02"
"RR2","CHIEF","MISS","2019-03-16 00:06:05"
"RR2","LESTER","MISS","2019-03-16 00:06:09"
"RR2","MELONS","TRICKSHOT MISS","2019-03-16 00:06:15"
"RR2","PMAC","TRICKSHOT MISS","2019-03-16 00:06:20"
"RR2","PMAC","HIT","2019-03-16 00:06:24"
"RR2","MELONS","BALLS BACK","2019-03-16 00:06:29"
"RR2","PMAC","MISS","2019-03-16 00:06:54"
"RR2","MELONS","MISS","2019-03-16 00:06:55"
"RR2","CHIEF","MISS","2019-03-16 00:06:57"
"RR2","LESTER","HIT","2019-03-16 00:07:00"
"RR2","PMAC","MISS","2019-03-16 00:07:16"
"RR2","MELONS","MISS","2019-03-16 00:07:17"
"RR2","CHIEF","MISS","2019-03-16 00:07:22"
"RR2","LESTER","MISS","2019-03-16 00:07:25"
"RR2","MELONS","MISS","2019-03-16 00:07:33"
"RR2","PMAC","MISS","2019-03-16 00:07:37"
"RR2","LESTER","MISS","2019-03-16 00:07:47"
"RR2","CHIEF","MISS","2019-03-16 00:07:49"
"RR2","PMAC","TRICKSHOT MISS","2019-03-16 00:07:52"
"RR2","MELONS","HIT","2019-03-16 00:07:57"
"RR2","PMAC","MISS","2019-03-16 00:08:04"
"RR2","LESTER","MISS","2019-03-16 00:08:12"
"RR2","CHIEF","MISS","2019-03-16 00:08:29"
"RR2","MELONS","HIT","2019-03-16 00:08:32"
"RR2","PMAC","MISS","2019-03-16 00:08:36"
"RR2","CHIEF","TRICKSHOT MISS","2019-03-16 00:08:39"
"RR2","LESTER","MISS","2019-03-16 00:08:52"
"RR2","CHIEF","MISS","2019-03-16 00:08:56"
"RR2","MELONS","MISS","2019-03-16 00:09:02"
"RR2","PMAC","MISS","2019-03-16 00:09:05"
"RR2","CHIEF","MISS","2019-03-16 00:09:07"
"RR2","LESTER","HIT","2019-03-16 00:09:11"
"RR2","MELONS","MISS","2019-03-16 00:09:23"
"RR2","MELONS","TRICKSHOT MISS","2019-03-16 00:09:29"
"RR2","PMAC","MISS","2019-03-16 00:09:31"
"RR2","PMAC","TRICKSHOT MISS","2019-03-16 00:09:34"
"RR2","CHIEF","MISS","2019-03-16 00:09:41"
"RR2","LESTER","OVERTHROW","2019-03-16 00:09:43"
"RR2","PMAC","TRICKSHOT HIT","2019-03-16 00:09:57"
"RR2","MELONS","MISS","2019-03-16 00:10:28"
"RR2","PMAC","MISS","2019-03-16 00:10:30"
"RR2","LESTER","MISS","2019-03-16 00:10:35"
"RR2","CHIEF","HIT","2019-03-16 00:10:37"
"RR2","PMAC","MISS","2019-03-16 00:10:48"
"RR2","MELONS","MISS","2019-03-16 00:10:52"
"RR2","MELONS","TRICKSHOT MISS","2019-03-16 00:10:55"
"RR2","CHIEF","MISS","2019-03-16 00:11:03"
"RR2","PMAC","TRICKSHOT MISS","2019-03-16 00:11:10"
"RR2","MELONS","HIT","2019-03-16 00:11:17"
"RR2","PMAC","BALLS BACK","2019-03-16 00:11:19"
"RR2","PMAC","MISS","2019-03-16 00:11:35"
"RR2","MELONS","MISS","2019-03-16 00:11:37"
"RR2","PMAC","TRICKSHOT MISS","2019-03-16 00:11:39"
"RR2","CHIEF","TRICKSHOT MISS","2019-03-16 00:11:41"
"RR2","CHIEF","MISS","2019-03-16 00:11:49"
"RR2","LESTER","MISS","2019-03-16 00:11:52"
"RR2","MELONS","MISS","2019-03-16 00:12:00"
"RR2","PMAC","MISS","2019-03-16 00:12:01"
"RR2","LESTER","MISS","2019-03-16 00:12:07"
"RR2","CHIEF","MISS","2019-03-16 00:12:08"
"RR2","PMAC","MISS","2019-03-16 00:12:13"
"RR2","MELONS","MISS","2019-03-16 00:12:14"
"RR2","LESTER","MISS","2019-03-16 00:12:18"
"RR2","CHIEF","MISS","2019-03-16 00:12:21"
"RR2","MELONS","MISS","2019-03-16 00:12:28"
"RR2","PMAC","MISS","2019-03-16 00:12:37"
"RR2","PMAC","TRICKSHOT MISS","2019-03-16 00:12:41"
"RR2","LESTER","TRICKSHOT MISS","2019-03-16 00:12:45"
"RR2","CHIEF","MISS","2019-03-16 00:12:51"
"RR2","LESTER","OVERTHROW","2019-03-16 00:12:54"
"RR2","MELONS","MISS","2019-03-16 00:13:04"
"RR2","PMAC","MISS","2019-03-16 00:13:09"
"RR2","CHIEF","HIT","2019-03-16 00:13:29"
"RR2","LESTER","MISS","2019-03-16 00:13:31"
"RR2","PMAC","TRICKSHOT MISS","2019-03-16 00:13:43"
"RR2","PMAC","MISS","2019-03-16 00:13:51"
"RR2","MELONS","MISS","2019-03-16 00:13:52"
"RR2","LESTER","MISS","2019-03-16 00:13:58"
"RR2","CHIEF","MISS","2019-03-16 00:14:00"
"RR2","PMAC","MISS","2019-03-16 00:14:10"
"RR2","MELONS","MISS","2019-03-16 00:14:12"
"RR2","CHIEF","TRICKSHOT HIT","2019-03-16 00:14:15"
"RR2","CHIEF","MISS","2019-03-16 00:14:29"
"RR2","LESTER","MISS","2019-03-16 00:14:32"
"RR2","MELONS","MISS","2019-03-16 00:14:35"
"RR2","PMAC","MISS","2019-03-16 00:14:36"
"RR2","LESTER","HIT","2019-03-16 00:14:40"
"RR2","CHIEF","MISS","2019-03-16 00:14:46"
"RR2","MELONS","MISS","2019-03-16 00:15:00"
"RR2","PMAC","MISS","2019-03-16 00:15:08"
"RR2","CHIEF","MISS","2019-03-16 00:15:11"
"RR2","LESTER","MISS","2019-03-16 00:15:12"
"RR2","PMAC","MISS","2019-03-16 00:15:14"
"RR2","MELONS","MISS","2019-03-16 00:15:16"
"RR2","LESTER","MISS","2019-03-16 00:15:20"
"RR2","CHIEF","MISS","2019-03-16 00:15:26"
"RR2","PMAC","MISS","2019-03-16 00:15:40"
"RR2","MELONS","HIT","2019-03-16 00:15:49"
"RR3","RICHO","MISS","2019-03-16 00:26:15"
"RR3","KAPPAZ","HIT","2019-03-16 00:26:23"
"RR3","MELONS","OVERTHROW","2019-03-16 00:26:48"
"RR3","PMAC","MISS","2019-03-16 00:26:54"
"RR3","RICHO","MISS","2019-03-16 00:26:58"
"RR3","KAPPAZ","MISS","2019-03-16 00:27:04"
"RR3","PMAC","TRICKSHOT MISS","2019-03-16 00:27:11"
"RR3","MELONS","MISS","2019-03-16 00:27:14"
"RR3","PMAC","HIT","2019-03-16 00:27:17"
"RR3","RICHO","HIT","2019-03-16 00:27:29"
"RR3","KAPPAZ","MISS","2019-03-16 00:27:44"
"RR3","MELONS","MISS","2019-03-16 00:28:03"
"RR3","PMAC","TRICKSHOT MISS","2019-03-16 00:28:09"
"RR3","PMAC","MISS","2019-03-16 00:28:11"
"RR3","RICHO","MISS","2019-03-16 00:28:17"
"RR3","KAPPAZ","MISS","2019-03-16 00:28:21"
"RR3","MELONS","MISS","2019-03-16 00:28:27"
"RR3","PMAC","MISS","2019-03-16 00:28:31"
"RR3","RICHO","HIT","2019-03-16 00:28:35"
"RR3","KAPPAZ","MISS","2019-03-16 00:28:39"
"RR3","PMAC","MISS","2019-03-16 00:28:59"
"RR3","MELONS","TRICKSHOT MISS","2019-03-16 00:29:03"
"RR3","MELONS","MISS","2019-03-16 00:29:06"
"RR3","RICHO","TRICKSHOT MISS","2019-03-16 00:29:10"
"RR3","RICHO","MISS","2019-03-16 00:29:16"
"RR3","KAPPAZ","HIT","2019-03-16 00:29:21"
"RR3","MELONS","MISS","2019-03-16 00:29:29"
"RR3","MELONS","TRICKSHOT MISS","2019-03-16 00:29:34"
"RR3","PMAC","MISS","2019-03-16 00:29:40"
"RR3","RICHO","MISS","2019-03-16 00:29:45"
"RR3","KAPPAZ","MISS","2019-03-16 00:29:48"
"RR3","MELONS","MISS","2019-03-16 00:29:53"
"RR3","PMAC","HIT","2019-03-16 00:29:56"
"RR3","RICHO","TRICKSHOT MISS","2019-03-16 00:30:04"
"RR3","KAPPAZ","MISS","2019-03-16 00:30:12"
"RR3","RICHO","MISS","2019-03-16 00:30:16"
"RR3","PMAC","HIT","2019-03-16 00:30:24"
"RR3","MELONS","BALLS BACK","2019-03-16 00:30:28"
"RR3","MELONS","MISS","2019-03-16 00:31:00"
"RR3","PMAC","MISS","2019-03-16 00:31:04"
"RR3","RICHO","TRICKSHOT MISS","2019-03-16 00:31:07"
"RR3","RICHO","MISS","2019-03-16 00:31:18"
"RR3","RICHO","TRICKSHOT MISS","2019-03-16 00:31:25"
"RR3","KAPPAZ","MISS","2019-03-16 00:31:28"
"RR3","MELONS","MISS","2019-03-16 00:31:35"
"RR3","PMAC","MISS","2019-03-16 00:31:38"
"RR3","RICHO","TRICKSHOT MISS","2019-03-16 00:31:40"
"RR3","RICHO","MISS","2019-03-16 00:31:52"
"RR3","KAPPAZ","MISS","2019-03-16 00:31:55"
"RR3","MELONS","HIT","2019-03-16 00:32:00"
"RR3","PMAC","MISS","2019-03-16 00:32:02"
"RR3","RICHO","TRICKSHOT MISS","2019-03-16 00:32:06"
"RR3","RICHO","MISS","2019-03-16 00:32:15"
"RR3","KAPPAZ","MISS","2019-03-16 00:32:26"
"RR3","PMAC","MISS","2019-03-16 00:32:33"
"RR3","MELONS","OVERTHROW","2019-03-16 00:32:36"
"RR3","RICHO","HIT","2019-03-16 00:32:42"
"RR3","KAPPAZ","MISS","2019-03-16 00:32:46"
"RR3","MELONS","MISS","2019-03-16 00:32:51"
"RR3","PMAC","MISS","2019-03-16 00:33:00"
"RR3","RICHO","MISS","2019-03-16 00:33:04"
"RR3","KAPPAZ","MISS","2019-03-16 00:33:07"
"RR3","PMAC","TRICKSHOT MISS","2019-03-16 00:33:12"
"RR3","MELONS","MISS","2019-03-16 00:33:16"
"RR3","PMAC","MISS","2019-03-16 00:33:18"
"RR3","RICHO","MISS","2019-03-16 00:33:23"
"RR3","KAPPAZ","MISS","2019-03-16 00:33:27"
"RR3","MELONS","HIT","2019-03-16 00:33:33"
"RR3","PMAC","BALLS BACK","2019-03-16 00:33:37"
"RR3","PMAC","MISS","2019-03-16 00:33:53"
"RR3","MELONS","MISS","2019-03-16 00:33:58"
"RR3","RICHO","MISS","2019-03-16 00:34:02"
"RR3","KAPPAZ","HIT","2019-03-16 00:34:05"
"RR3","MELONS","TRICKSHOT MISS","2019-03-16 00:34:10"
"RR3","MELONS","OVERTHROW","2019-03-16 00:34:18"
"RR3","PMAC","MISS","2019-03-16 00:34:27"
"RR3","RICHO","MISS","2019-03-16 00:34:30"
"RR3","KAPPAZ","MISS","2019-03-16 00:34:34"
"RR3","MELONS","MISS","2019-03-16 00:34:42"
"RR3","PMAC","MISS","2019-03-16 00:34:44"
"RR3","RICHO","MISS","2019-03-16 00:34:50"
"RR3","KAPPAZ","MISS","2019-03-16 00:34:54"
"RR3","PMAC","MISS","2019-03-16 00:34:58"
"RR3","MELONS","MISS","2019-03-16 00:35:00"
"RR3","RICHO","MISS","2019-03-16 00:35:05"
"RR3","KAPPAZ","MISS","2019-03-16 00:35:08"
"RR3","MELONS","MISS","2019-03-16 00:35:13"
"RR3","PMAC","MISS","2019-03-16 00:35:18"
"RR3","RICHO","MISS","2019-03-16 00:35:23"
"RR3","KAPPAZ","MISS","2019-03-16 00:35:26"
"RR3","MELONS","HIT","2019-03-16 00:35:30"
"RR3","PMAC","MISS","2019-03-16 00:35:37"
"RR3","RICHO","MISS","2019-03-16 00:35:52"
"RR3","KAPPAZ","MISS","2019-03-16 00:36:06"
"RR3","MELONS","MISS","2019-03-16 00:36:10"
"RR3","PMAC","HIT","2019-03-16 00:36:13"
"RR3","KAPPAZ","TRICKSHOT MISS","2019-03-16 00:36:31"
"RR3","RICHO","MISS","2019-03-16 00:36:39"
"RR3","KAPPAZ","MISS","2019-03-16 00:36:42"
"RR3","MELONS","HIT","2019-03-16 00:36:48"
"RR4","CHIEF","HIT","2019-03-16 00:43:35"
"RR4","LESTER","MISS","2019-03-16 00:43:40"
"RR4","GARTER","MISS","2019-03-16 00:43:49"
"RR4","NAKHLA","MISS","2019-03-16 00:43:56"
"RR4","CHIEF","TRICKSHOT MISS","2019-03-16 00:44:01"
"RR4","CHIEF","HIT","2019-03-16 00:44:09"
"RR4","LESTER","MISS","2019-03-16 00:44:12"
"RR4","NAKHLA","OVERTHROW","2019-03-16 00:44:27"
"RR4","GARTER","OVERTHROW","2019-03-16 00:44:46"
"RR4","CHIEF","MISS","2019-03-16 00:45:36"
"RR4","LESTER","MISS","2019-03-16 00:45:38"
"RR4","GARTER","MISS","2019-03-16 00:45:45"
"RR4","NAKHLA","MISS","2019-03-16 00:45:50"
"RR4","CHIEF","MISS","2019-03-16 00:45:55"
"RR4","LESTER","MISS","2019-03-16 00:45:56"
"RR4","NAKHLA","HIT","2019-03-16 00:46:04"
"RR4","GARTER","MISS","2019-03-16 00:46:11"
"RR4","CHIEF","HIT","2019-03-16 00:46:13"
"RR4","LESTER","MISS","2019-03-16 00:46:22"
"RR4","NAKHLA","MISS","2019-03-16 00:46:33"
"RR4","GARTER","MISS","2019-03-16 00:46:54"
"RR4","CHIEF","MISS","2019-03-16 00:46:56"
"RR4","LESTER","MISS","2019-03-16 00:46:58"
"RR4","CHIEF","TRICKSHOT MISS","2019-03-16 00:47:03"
"RR4","GARTER","MISS","2019-03-16 00:47:11"
"RR4","NAKHLA","HIT","2019-03-16 00:47:14"
"RR4","LESTER","TRICKSHOT MISS","2019-03-16 00:47:25"
"RR4","CHIEF","MISS","2019-03-16 00:47:32"
"RR4","LESTER","MISS","2019-03-16 00:47:34"
"RR4","NAKHLA","OVERTHROW","2019-03-16 00:47:41"
"RR4","GARTER","MISS","2019-03-16 00:48:02"
"RR4","LESTER","MISS","2019-03-16 00:48:09"
"RR4","GARTER","HIT","2019-03-16 00:48:17"
"RR4","NAKHLA","MISS","2019-03-16 00:48:25"
"RR4","CHIEF","TRICKSHOT MISS","2019-03-16 00:48:32"
"RR4","CHIEF","MISS","2019-03-16 00:48:37"
"RR4","LESTER","MISS","2019-03-16 00:48:44"
"RR4","GARTER","OVERTHROW","2019-03-16 00:48:54"
"RR4","NAKHLA","HIT","2019-03-16 00:49:07"
"RR4","CHIEF","MISS","2019-03-16 00:49:32"
"RR4","LESTER","MISS","2019-03-16 00:49:34"
"RR4","GARTER","HIT","2019-03-16 00:50:20"
"RR4","NAKHLA","MISS","2019-03-16 00:50:28"
"RR4","CHIEF","TRICKSHOT MISS","2019-03-16 00:50:37"
"RR4","CHIEF","MISS","2019-03-16 00:50:46"
"RR4","LESTER","MISS","2019-03-16 00:50:47"
"RR4","GARTER","MISS","2019-03-16 00:50:55"
"RR4","NAKHLA","MISS","2019-03-16 00:51:02"
"RR4","CHIEF","MISS","2019-03-16 00:51:12"
"RR4","LESTER","MISS","2019-03-16 00:51:14"
"RR4","NAKHLA","TRICKSHOT MISS","2019-03-16 00:51:41"
"RR4","LESTER","MISS","2019-03-16 00:51:43"
"RR4","GARTER","MISS","2019-03-16 00:51:46"
"RR4","LESTER","HIT","2019-03-16 00:51:49"
"RR4","CHIEF","MISS","2019-03-16 00:51:53"
"RR4","GARTER","MISS","2019-03-16 00:52:01"
"RR4","NAKHLA","MISS","2019-03-16 00:52:07"
"RR4","CHIEF","MISS","2019-03-16 00:52:17"
"RR4","LESTER","MISS","2019-03-16 00:52:19"
"RR4","GARTER","MISS","2019-03-16 00:52:24"
"RR4","NAKHLA","MISS","2019-03-16 00:52:28"
"RR4","CHIEF","HIT","2019-03-16 00:52:34"
"RR4","LESTER","MISS","2019-03-16 00:52:40"
"RR4","NAKHLA","HIT","2019-03-16 00:52:48"
"RR4","GARTER","MISS","2019-03-16 00:52:54"
"RR4","CHIEF","MISS","2019-03-16 00:53:11"
"RR4","LESTER","MISS","2019-03-16 00:53:14"
"RR4","GARTER","MISS","2019-03-16 00:53:19"
"RR4","NAKHLA","HIT","2019-03-16 00:53:24"
"RR4","CHIEF","TRICKSHOT MISS","2019-03-16 00:53:38"
"RR4","CHIEF","MISS","2019-03-16 00:53:41"
"RR4","LESTER","MISS","2019-03-16 00:53:44"
"RR4","GARTER","MISS","2019-03-16 00:53:52"
"RR4","NAKHLA","MISS","2019-03-16 00:53:57"
"RR4","CHIEF","TRICKSHOT MISS","2019-03-16 00:54:01"
"RR4","CHIEF","MISS","2019-03-16 00:54:08"
"RR4","CHIEF","TRICKSHOT MISS","2019-03-16 00:54:14"
"RR4","GARTER","HIT","2019-03-16 00:56:00"
"RR4","LESTER","HIT","2019-03-16 00:56:02"
"RR5","GARTER","HIT","2019-03-16 01:05:00"
"RR5","NAKHLA","MISS","2019-03-16 01:05:11"
"RR5","MELONS","MISS","2019-03-16 01:05:18"
"RR5","PMAC","MISS","2019-03-16 01:05:27"
"RR5","NAKHLA","TRICKSHOT HIT","2019-03-16 01:05:31"
"RR5","GARTER","MISS","2019-03-16 01:05:55"
"RR5","NAKHLA","MISS","2019-03-16 01:05:58"
"RR5","MELONS","MISS","2019-03-16 01:06:07"
"RR5","PMAC","HIT","2019-03-16 01:06:09"
"RR5","NAKHLA","MISS","2019-03-16 01:06:25"
"RR5","GARTER","MISS","2019-03-16 01:06:30"
"RR5","MELONS","MISS","2019-03-16 01:06:39"
"RR5","PMAC","MISS","2019-03-16 01:06:41"
"RR5","GARTER","MISS","2019-03-16 01:06:47"
"RR5","NAKHLA","MISS","2019-03-16 01:07:00"
"RR5","MELONS","MISS","2019-03-16 01:07:04"
"RR5","PMAC","HIT","2019-03-16 01:07:06"
"RR5","GARTER","HIT","2019-03-16 01:07:16"
"RR5","NAKHLA","MISS","2019-03-16 01:07:26"
"RR5","MELONS","MISS","2019-03-16 01:07:48"
"RR5","PMAC","MISS","2019-03-16 01:07:51"
"RR5","GARTER","MISS","2019-03-16 01:08:00"
"RR5","NAKHLA","MISS","2019-03-16 01:08:06"
"RR5","PMAC","HIT","2019-03-16 01:08:13"
"RR5","MELONS","MISS","2019-03-16 01:08:16"
"RR5","NAKHLA","MISS","2019-03-16 01:08:28"
"RR5","GARTER","HIT","2019-03-16 01:08:40"
"RR5","PMAC","MISS","2019-03-16 01:08:53"
"RR5","MELONS","OVERTHROW","2019-03-16 01:08:55"
"RR5","GARTER","MISS","2019-03-16 01:09:28"
"RR5","NAKHLA","MISS","2019-03-16 01:09:35"
"RR5","PMAC","MISS","2019-03-16 01:09:40"
"RR5","MELONS","MISS","2019-03-16 01:09:42"
"RR5","GARTER","MISS","2019-03-16 01:09:53"
"RR5","GARTER","TRICKSHOT MISS","2019-03-16 01:09:56"
"RR5","NAKHLA","HIT","2019-03-16 01:10:06"
"RR5","MELONS","MISS","2019-03-16 01:10:19"
"RR5","PMAC","MISS","2019-03-16 01:10:24"
"RR5","GARTER","MISS","2019-03-16 01:10:43"
"RR5","NAKHLA","MISS","2019-03-16 01:10:50"
"RR5","PMAC","TRICKSHOT MISS","2019-03-16 01:10:58"
"RR5","MELONS","MISS","2019-03-16 01:11:00"
"RR5","PMAC","HIT","2019-03-16 01:11:05"
"RR5","GARTER","MISS","2019-03-16 01:11:31"
"RR5","NAKHLA","MISS","2019-03-16 01:11:36"
"RR5","MELONS","TRICKSHOT MISS","2019-03-16 01:11:47"
"RR5","MELONS","MISS","2019-03-16 01:12:00"
"RR5","PMAC","MISS","2019-03-16 01:12:02"
"RR5","GARTER","MISS","2019-03-16 01:12:09"
"RR5","MELONS","MISS","2019-03-16 01:12:27"
"RR5","PMAC","MISS","2019-03-16 01:12:28"
"RR5","GARTER","MISS","2019-03-16 01:12:31"
"RR5","NAKHLA","MISS","2019-03-16 01:12:38"
"RR5","PMAC","TRICKSHOT MISS","2019-03-16 01:12:45"
"RR5","MELONS","MISS","2019-03-16 01:12:47"
"RR5","PMAC","MISS","2019-03-16 01:12:54"
"RR5","GARTER","TRICKSHOT MISS","2019-03-16 01:12:56"
"RR5","GARTER","MISS","2019-03-16 01:13:03"
"RR5","NAKHLA","MISS","2019-03-16 01:13:13"
"RR5","MELONS","MISS","2019-03-16 01:13:20"
"RR5","PMAC","MISS","2019-03-16 01:13:25"
"RR5","NAKHLA","MISS","2019-03-16 01:13:34"
"RR5","GARTER","MISS","2019-03-16 01:13:38"
"RR5","MELONS","TRICKSHOT MISS","2019-03-16 01:13:42"
"RR5","PMAC","MISS","2019-03-16 01:13:51"
"RR5","MELONS","MISS","2019-03-16 01:13:54"
"RR5","PMAC","TRICKSHOT MISS","2019-03-16 01:13:56"
"RR5","GARTER","MISS","2019-03-16 01:14:03"
"RR5","NAKHLA","MISS","2019-03-16 01:14:09"
"RR5","MELONS","MISS","2019-03-16 01:14:13"
"RR5","PMAC","MISS","2019-03-16 01:14:15"
"RR5","NAKHLA","TRICKSHOT MISS","2019-03-16 01:14:18"
"RR5","GARTER","MISS","2019-03-16 01:14:23"
"RR5","NAKHLA","MISS","2019-03-16 01:14:33"
"RR5","MELONS","MISS","2019-03-16 01:14:38"
"RR5","PMAC","MISS","2019-03-16 01:14:40"
"RR5","GARTER","MISS","2019-03-16 01:14:57"
"RR5","NAKHLA","MISS","2019-03-16 01:15:10"
"RR5","MELONS","MISS","2019-03-16 01:15:16"
"RR5","PMAC","HIT","2019-03-16 01:15:19"
"RR5","GARTER","MISS","2019-03-16 01:15:43"
"RR5","NAKHLA","MISS","2019-03-16 01:15:50"
"RR5","MELONS","MISS","2019-03-16 01:15:55"
"RR5","PMAC","HIT","2019-03-16 01:15:59"
"RR5","GARTER","MISS","2019-03-16 01:16:09"
"RR5","NAKHLA","MISS","2019-03-16 01:16:25"
"RR5","MELONS","MISS","2019-03-16 01:16:31"
"RR5","PMAC","MISS","2019-03-16 01:16:33"
"RR5","GARTER","MISS","2019-03-16 01:16:43"
"RR5","NAKHLA","MISS","2019-03-16 01:16:55"
"RR5","MELONS","MISS","2019-03-16 01:17:01"
"RR5","PMAC","MISS","2019-03-16 01:17:03"
"RR5","GARTER","MISS","2019-03-16 01:17:11"
"RR5","NAKHLA","HIT","2019-03-16 01:17:18"
"RR5","PMAC","MISS","2019-03-16 01:17:28"
"RR5","MELONS","HIT","2019-03-16 01:17:34"
"RR5","GARTER","HIT","2019-03-16 01:18:00"
"RR5","NAKHLA","MISS","2019-03-16 01:18:15"
"RR5","MELONS","MISS","2019-03-16 01:18:28"
"RR5","PMAC","MISS","2019-03-16 01:18:36"
"RR5","GARTER","MISS","2019-03-16 01:19:00"
"RR5","NAKHLA","MISS","2019-03-16 01:19:06"
"RR5","MELONS","MISS","2019-03-16 01:19:11"
"RR5","PMAC","MISS","2019-03-16 01:19:16"
"RR5","GARTER","MISS","2019-03-16 01:19:22"
"RR5","GARTER","TRICKSHOT MISS","2019-03-16 01:19:26"
"RR5","NAKHLA","MISS","2019-03-16 01:19:34"
"RR5","MELONS","MISS","2019-03-16 01:19:37"
"RR5","PMAC","MISS","2019-03-16 01:19:40"
"RR5","GARTER","MISS","2019-03-16 01:19:46"
"RR5","NAKHLA","HIT","2019-03-16 01:19:50"
"RR5","MELONS","MISS","2019-03-16 01:20:06"
"RR5","PMAC","MISS","2019-03-16 01:20:08"
"RR5","GARTER","TRICKSHOT MISS","2019-03-16 01:20:12"
"RR5","NAKHLA","TRICKSHOT MISS","2019-03-16 01:20:18"
"RR5","GARTER","MISS","2019-03-16 01:20:26"
"RR5","NAKHLA","HIT","2019-03-16 01:20:34"
"RR6","RICHO","HIT","2019-03-16 01:28:18"
"RR6","KAPPAZ","MISS","2019-03-16 01:28:21"
"RR6","CHIEF","MISS","2019-03-16 01:28:44"
"RR6","LESTER","MISS","2019-03-16 01:28:45"
"RR6","KAPPAZ","TRICKSHOT MISS","2019-03-16 01:28:50"
"RR6","RICHO","MISS","2019-03-16 01:29:00"
"RR6","KAPPAZ","HIT","2019-03-16 01:29:03"
"RR6","CHIEF","MISS","2019-03-16 01:29:12"
"RR6","LESTER","HIT","2019-03-16 01:29:17"
"RR6","KAPPAZ","MISS","2019-03-16 01:29:26"
"RR6","RICHO","HIT","2019-03-16 01:29:38"
"RR6","CHIEF","MISS","2019-03-16 01:29:55"
"RR6","LESTER","HIT","2019-03-16 01:29:58"
"RR6","RICHO","MISS","2019-03-16 01:30:13"
"RR6","KAPPAZ","MISS","2019-03-16 01:30:22"
"RR6","CHIEF","MISS","2019-03-16 01:30:28"
"RR6","LESTER","MISS","2019-03-16 01:30:31"
"RR6","RICHO","HIT","2019-03-16 01:30:44"
"RR6","KAPPAZ","MISS","2019-03-16 01:30:48"
"RR6","CHIEF","HIT","2019-03-16 01:30:59"
"RR6","LESTER","MISS","2019-03-16 01:31:05"
"RR6","RICHO","HIT","2019-03-16 01:31:36"
"RR6","KAPPAZ","MISS","2019-03-16 01:31:40"
"RR6","CHIEF","MISS","2019-03-16 01:32:06"
"RR6","LESTER","HIT","2019-03-16 01:32:10"
"RR6","RICHO","MISS","2019-03-16 01:32:27"
"RR6","KAPPAZ","HIT","2019-03-16 01:32:34"
"RR6","CHIEF","MISS","2019-03-16 01:33:08"
"RR6","CHIEF","TRICKSHOT MISS","2019-03-16 01:33:12"
"RR6","LESTER","MISS","2019-03-16 01:33:16"
"RR6","RICHO","HIT","2019-03-16 01:33:21"
"RR6","KAPPAZ","MISS","2019-03-16 01:33:26"
"RR6","KAPPAZ","TRICKSHOT MISS","2019-03-16 01:33:31"
"RR6","CHIEF","MISS","2019-03-16 01:33:46"
"RR6","LESTER","HIT","2019-03-16 01:33:49"
"RR6","RICHO","MISS","2019-03-16 01:34:06"
"RR6","KAPPAZ","HIT","2019-03-16 01:34:10"
"RR6","LESTER","TRICKSHOT MISS","2019-03-16 01:34:21"
"RR6","CHIEF","MISS","2019-03-16 01:34:34"
"RR6","LESTER","MISS","2019-03-16 01:34:37"
"RR6","RICHO","TRICKSHOT MISS","2019-03-16 01:34:41"
"RR6","RICHO","MISS","2019-03-16 01:34:51"
"RR6","KAPPAZ","MISS","2019-03-16 01:34:57"
"RR6","CHIEF","MISS","2019-03-16 01:35:01"
"RR6","LESTER","MISS","2019-03-16 01:35:04"
"RR6","CHIEF","TRICKSHOT MISS","2019-03-16 01:35:11"
"RR6","KAPPAZ","MISS","2019-03-16 01:35:16"
"RR6","RICHO","MISS","2019-03-16 01:35:20"
"RR6","CHIEF","MISS","2019-03-16 01:35:23"
"RR6","LESTER","OVERTHROW","2019-03-16 01:35:26"
"RR6","RICHO","MISS","2019-03-16 01:35:41"
"RR6","KAPPAZ","MISS","2019-03-16 01:35:45"
"RR6","CHIEF","HIT","2019-03-16 01:35:49"
"RR6","LESTER","MISS","2019-03-16 01:35:52"
"RR6","RICHO","MISS","2019-03-16 01:36:00"
"RR6","KAPPAZ","MISS","2019-03-16 01:36:16"
"RR6","CHIEF","MISS","2019-03-16 01:36:20"
"RR6","LESTER","HIT","2019-03-16 01:36:23"
"RR6","RICHO","MISS","2019-03-16 01:36:39"
"RR6","KAPPAZ","MISS","2019-03-16 01:36:43"
"RR6","CHIEF","MISS","2019-03-16 01:36:48"
"RR6","LESTER","MISS","2019-03-16 01:36:51"
"RR6","RICHO","TRICKSHOT MISS","2019-03-16 01:36:54"
"RR6","KAPPAZ","MISS","2019-03-16 01:36:59"
"RR6","RICHO","MISS","2019-03-16 01:37:02"
"RR6","RICHO","TRICKSHOT MISS","2019-03-16 01:37:08"
"RR6","CHIEF","TRICKSHOT MISS","2019-03-16 01:37:10"
"RR6","CHIEF","MISS","2019-03-16 01:37:19"
"RR6","LESTER","MISS","2019-03-16 01:37:22"
"RR6","KAPPAZ","TRICKSHOT MISS","2019-03-16 01:37:25"
"RR6","KAPPAZ","MISS","2019-03-16 01:37:33"
"RR6","RICHO","MISS","2019-03-16 01:37:36"
"RR6","CHIEF","MISS","2019-03-16 01:37:41"
"RR6","LESTER","HIT","2019-03-16 01:37:44"
"RR6","RICHO","MISS","2019-03-16 01:37:58"
"RR6","KAPPAZ","MISS","2019-03-16 01:38:21"
"RR6","CHIEF","MISS","2019-03-16 01:38:29"
"RR6","LESTER","MISS","2019-03-16 01:38:33"
"RR6","RICHO","MISS","2019-03-16 01:38:37"
"RR6","RICHO","TRICKSHOT MISS","2019-03-16 01:38:41"
"RR6","KAPPAZ","OVERTHROW","2019-03-16 01:38:46"
"RR6","LESTER","MISS","2019-03-16 01:38:54"
"RR6","CHIEF","MISS","2019-03-16 01:38:57"
"RR6","RICHO","MISS","2019-03-16 01:39:10"
"RR6","KAPPAZ","MISS","2019-03-16 01:39:40"
"RR6","LESTER","MISS","2019-03-16 01:39:46"
"RR6","CHIEF","MISS","2019-03-16 01:39:51"
"RR6","CHIEF","TRICKSHOT MISS","2019-03-16 01:39:58"
"RR6","RICHO","MISS","2019-03-16 01:40:06"
"RR6","KAPPAZ","MISS","2019-03-16 01:40:09"
"RR6","CHIEF","MISS","2019-03-16 01:40:15"
"RR6","LESTER","MISS","2019-03-16 01:40:16"
"RR6","RICHO","MISS","2019-03-16 01:40:19"
"RR6","KAPPAZ","MISS","2019-03-16 01:40:22"
"RR6","CHIEF","MISS","2019-03-16 01:40:26"
"RR6","LESTER","MISS","2019-03-16 01:40:29"
"RR6","RICHO","HIT","2019-03-16 01:40:32"
"QF","PMAC","MISS","2019-03-16 03:08:56"
"QF","MELONS","MISS","2019-03-16 03:08:58"
"QF","RICHO","MISS","2019-03-16 03:09:02"
"QF","KAPPAZ","MISS","2019-03-16 03:09:06"
"QF","MELONS","MISS","2019-03-16 03:09:33"
"QF","PMAC","HIT","2019-03-16 03:09:36"
"QF","KAPPAZ","HIT","2019-03-16 03:09:46"
"QF","RICHO","MISS","2019-03-16 03:09:54"
"QF","MELONS","HIT","2019-03-16 03:10:16"
"QF","PMAC","MISS","2019-03-16 03:10:20"
"QF","RICHO","HIT","2019-03-16 03:10:35"
"QF","KAPPAZ","MISS","2019-03-16 03:10:53"
"QF","KAPPAZ","TRICKSHOT MISS","2019-03-16 03:11:00"
"QF","MELONS","MISS","2019-03-16 03:11:11"
"QF","PMAC","MISS","2019-03-16 03:11:22"
"QF","RICHO","MISS","2019-03-16 03:11:28"
"QF","KAPPAZ","MISS","2019-03-16 03:11:31"
"QF","MELONS","MISS","2019-03-16 03:11:38"
"QF","PMAC","MISS","2019-03-16 03:11:45"
"QF","RICHO","MISS","2019-03-16 03:11:50"
"QF","KAPPAZ","MISS","2019-03-16 03:11:52"
"QF","MELONS","TRICKSHOT MISS","2019-03-16 03:11:58"
"QF","PMAC","MISS","2019-03-16 03:12:01"
"QF","MELONS","MISS","2019-03-16 03:12:04"
"QF","PMAC","TRICKSHOT MISS","2019-03-16 03:12:07"
"QF","RICHO","MISS","2019-03-16 03:12:11"
"QF","KAPPAZ","HIT","2019-03-16 03:12:14"
"QF","MELONS","TRICKSHOT MISS","2019-03-16 03:12:32"
"QF","MELONS","MISS","2019-03-16 03:12:43"
"QF","PMAC","HIT","2019-03-16 03:12:47"
"QF","KAPPAZ","HIT","2019-03-16 03:12:56"
"QF","RICHO","MISS","2019-03-16 03:13:03"
"QF","MELONS","OVERTHROW","2019-03-16 03:13:15"
"QF","PMAC","HIT","2019-03-16 03:13:27"
"QF","RICHO","HIT","2019-03-16 03:13:59"
"QF","KAPPAZ","MISS","2019-03-16 03:14:04"
"QF","MELONS","MISS","2019-03-16 03:14:14"
"QF","PMAC","MISS","2019-03-16 03:14:27"
"QF","KAPPAZ","MISS","2019-03-16 03:14:32"
"QF","RICHO","MISS","2019-03-16 03:14:39"
"QF","MELONS","MISS","2019-03-16 03:14:55"
"QF","PMAC","MISS","2019-03-16 03:14:57"
"QF","RICHO","TRICKSHOT MISS","2019-03-16 03:15:02"
"QF","KAPPAZ","MISS","2019-03-16 03:15:09"
"QF","RICHO","HIT","2019-03-16 03:15:17"
"QF","MELONS","MISS","2019-03-16 03:15:23"
"QF","PMAC","MISS","2019-03-16 03:15:27"
"QF","RICHO","TRICKSHOT HIT","2019-03-16 03:15:33"
"QF","KAPPAZ","MISS","2019-03-16 03:15:41"
"QF","RICHO","HIT","2019-03-16 03:15:51"
"QF","MELONS","MISS","2019-03-16 03:16:00"
"QF","PMAC","HIT","2019-03-16 03:16:02"
"QF","RICHO","MISS","2019-03-16 03:16:17"
"QF","KAPPAZ","MISS","2019-03-16 03:16:31"
"QF","MELONS","HIT","2019-03-16 03:16:38"
"QF","PMAC","BALLS BACK","2019-03-16 03:16:42"
"QF","MELONS","HIT","2019-03-16 03:16:55"
"QF","PMAC","MISS","2019-03-16 03:16:59"
"QF","KAPPAZ","MISS","2019-03-16 03:17:16"
"QF","RICHO","MISS","2019-03-16 03:17:20"
"QF","MELONS","MISS","2019-03-16 03:17:25"
"QF","PMAC","HIT","2019-03-16 03:17:31"
"QF","RICHO","MISS","2019-03-16 03:17:39"
"QF","KAPPAZ","MISS","2019-03-16 03:18:37"
"QF","MELONS","MISS","2019-03-16 03:18:43"
"QF","PMAC","MISS","2019-03-16 03:18:50"
"QF","RICHO","MISS","2019-03-16 03:18:56"
"QF","KAPPAZ","MISS","2019-03-16 03:19:00"
"QF","MELONS","MISS","2019-03-16 03:19:05"
"QF","PMAC","MISS","2019-03-16 03:19:08"
"QF","RICHO","HIT","2019-03-16 03:19:15"
"EF","CHIEF","HIT","2019-03-16 03:25:26"
"EF","LESTER","MISS","2019-03-16 03:25:29"
"EF","GARTER","OVERTHROW","2019-03-16 03:25:35"
"EF","NAKHLA","MISS","2019-03-16 03:25:53"
"EF","CHIEF","HIT","2019-03-16 03:26:04"
"EF","LESTER","MISS","2019-03-16 03:26:14"
"EF","GARTER","MISS","2019-03-16 03:26:41"
"EF","NAKHLA","MISS","2019-03-16 03:26:45"
"EF","CHIEF","MISS","2019-03-16 03:26:59"
"EF","LESTER","MISS","2019-03-16 03:27:00"
"EF","CHIEF","TRICKSHOT MISS","2019-03-16 03:27:10"
"EF","NAKHLA","HIT","2019-03-16 03:27:13"
"EF","GARTER","BALLS BACK","2019-03-16 03:27:19"
"EF","NAKHLA","MISS","2019-03-16 03:27:37"
"EF","GARTER","MISS","2019-03-16 03:27:40"
"EF","CHIEF","HIT","2019-03-16 03:27:57"
"EF","LESTER","MISS","2019-03-16 03:27:58"
"EF","NAKHLA","MISS","2019-03-16 03:28:10"
"EF","CHIEF","HIT","2019-03-16 03:28:45"
"EF","LESTER","MISS","2019-03-16 03:28:46"
"EF","GARTER","MISS","2019-03-16 03:28:54"
"EF","NAKHLA","MISS","2019-03-16 03:29:18"
"EF","CHIEF","HIT","2019-03-16 03:29:24"
"EF","LESTER","BALLS BACK","2019-03-16 03:29:28"
"EF","CHIEF","MISS","2019-03-16 03:29:51"
"EF","LESTER","MISS","2019-03-16 03:29:52"
"EF","GARTER","MISS","2019-03-16 03:30:03"
"EF","NAKHLA","MISS","2019-03-16 03:30:11"
"EF","CHIEF","MISS","2019-03-16 03:30:18"
"EF","GARTER","MISS","2019-03-16 03:30:28"
"EF","NAKHLA","MISS","2019-03-16 03:30:41"
"EF","CHIEF","MISS","2019-03-16 03:30:49"
"EF","LESTER","MISS","2019-03-16 03:30:52"
"EF","GARTER","MISS","2019-03-16 03:31:02"
"EF","NAKHLA","MISS","2019-03-16 03:31:12"
"EF","CHIEF","MISS","2019-03-16 03:31:31"
"EF","CHIEF","TRICKSHOT MISS","2019-03-16 03:31:33"
"EF","LESTER","MISS","2019-03-16 03:31:37"
"EF","GARTER","HIT","2019-03-16 03:31:39"
"EF","NAKHLA","BALLS BACK","2019-03-16 03:31:48"
"EF","GARTER","HIT","2019-03-16 03:32:13"
"EF","NAKHLA","MISS","2019-03-16 03:32:24"
"EF","CHIEF","MISS","2019-03-16 03:32:43"
"EF","LESTER","MISS","2019-03-16 03:32:48"
"EF","GARTER","HIT","2019-03-16 03:32:53"
"EF","NAKHLA","MISS","2019-03-16 03:33:04"
"EF","CHIEF","MISS","2019-03-16 03:33:15"
"EF","LESTER","MISS","2019-03-16 03:33:24"
"EF","GARTER","MISS","2019-03-16 03:33:33"
"EF","NAKHLA","MISS","2019-03-16 03:33:37"
"EF","CHIEF","MISS","2019-03-16 03:33:48"
"EF","LESTER","MISS","2019-03-16 03:33:50"
"EF","GARTER","MISS","2019-03-16 03:33:56"
"EF","NAKHLA","HIT","2019-03-16 03:34:09"
"EF","CHIEF","MISS","2019-03-16 03:34:29"
"EF","LESTER","MISS","2019-03-16 03:34:32"
"EF","CHIEF","TRICKSHOT MISS","2019-03-16 03:34:34"
"EF","GARTER","MISS","2019-03-16 03:34:45"
"EF","NAKHLA","MISS","2019-03-16 03:34:54"
"EF","CHIEF","MISS","2019-03-16 03:34:59"
"EF","LESTER","MISS","2019-03-16 03:35:03"
"EF","GARTER","MISS","2019-03-16 03:35:08"
"EF","NAKHLA","MISS","2019-03-16 03:35:22"
"EF","CHIEF","MISS","2019-03-16 03:35:25"
"EF","LESTER","MISS","2019-03-16 03:35:32"
"EF","GARTER","MISS","2019-03-16 03:35:40"
"EF","NAKHLA","MISS","2019-03-16 03:35:48"
"EF","CHIEF","TRICKSHOT MISS","2019-03-16 03:35:52"
"EF","CHIEF","MISS","2019-03-16 03:36:02"
"EF","LESTER","MISS","2019-03-16 03:36:04"
"EF","GARTER","HIT","2019-03-16 03:36:10"
"EF","NAKHLA","SAME CUP","2019-03-16 03:36:49"
"SF","GARTER","MISS","2019-03-16 03:47:05"
"SF","NAKHLA","HIT","2019-03-16 03:47:09"
"SF","MELONS","MISS","2019-03-16 03:47:50"
"SF","MELONS","TRICKSHOT MISS","2019-03-16 03:47:54"
"SF","PMAC","HIT","2019-03-16 03:47:57"
"SF","GARTER","MISS","2019-03-16 03:48:06"
"SF","MELONS","TRICKSHOT MISS","2019-03-16 03:48:10"
"SF","NAKHLA","HIT","2019-03-16 03:48:22"
"SF","PMAC","HIT","2019-03-16 03:48:43"
"SF","GARTER","MISS","2019-03-16 03:49:08"
"SF","NAKHLA","HIT","2019-03-16 03:49:19"
"SF","MELONS","HIT","2019-03-16 03:49:46"
"SF","PMAC","MISS","2019-03-16 03:49:55"
"SF","NAKHLA","MISS","2019-03-16 03:50:09"
"SF","GARTER","MISS","2019-03-16 03:50:20"
"SF","MELONS","MISS","2019-03-16 03:50:32"
"SF","PMAC","MISS","2019-03-16 03:50:37"
"SF","NAKHLA","TRICKSHOT MISS","2019-03-16 03:50:43"
"SF","GARTER","MISS","2019-03-16 03:50:49"
"SF","NAKHLA","HIT","2019-03-16 03:50:59"
"SF","MELONS","MISS","2019-03-16 03:51:16"
"SF","PMAC","MISS","2019-03-16 03:51:45"
"SF","GARTER","TRICKSHOT MISS","2019-03-16 03:51:54"
"SF","GARTER","HIT","2019-03-16 03:52:14"
"SF","NAKHLA","MISS","2019-03-16 03:52:26"
"SF","MELONS","MISS","2019-03-16 03:52:31"
"SF","PMAC","HIT","2019-03-16 03:52:58"
"SF","GARTER","MISS","2019-03-16 03:53:17"
"SF","GARTER","TRICKSHOT MISS","2019-03-16 03:53:19"
"SF","NAKHLA","MISS","2019-03-16 03:53:27"
"SF","MELONS","HIT","2019-03-16 03:54:02"
"SF","PMAC","MISS","2019-03-16 03:54:07"
"SF","NAKHLA","MISS","2019-03-16 03:54:21"
"SF","GARTER","MISS","2019-03-16 03:54:41"
"SF","MELONS","MISS","2019-03-16 03:54:43"
"SF","MELONS","TRICKSHOT MISS","2019-03-16 03:54:44"
"SF","PMAC","MISS","2019-03-16 03:54:59"
"SF","GARTER","HIT","2019-03-16 03:55:07"
"SF","NAKHLA","MISS","2019-03-16 03:55:18"
"SF","PMAC","MISS","2019-03-16 03:55:42"
"SF","MELONS","MISS","2019-03-16 03:55:44"
"SF","GARTER","TRICKSHOT MISS","2019-03-16 03:55:49"
"SF","GARTER","HIT","2019-03-16 03:55:59"
"SF","NAKHLA","MISS","2019-03-16 03:56:16"
"SF","MELONS","MISS","2019-03-16 03:56:28"
"SF","PMAC","MISS","2019-03-16 03:56:48"
"SF","NAKHLA","TRICKSHOT MISS","2019-03-16 03:56:52"
"SF","GARTER","MISS","2019-03-16 03:57:01"
"SF","NAKHLA","MISS","2019-03-16 03:57:17"
"SF","GARTER","TRICKSHOT MISS","2019-03-16 03:57:19"
"SF","PMAC","MISS","2019-03-16 03:57:36"
"SF","MELONS","HIT","2019-03-16 03:57:40"
"SF","NAKHLA","MISS","2019-03-16 03:57:54"
"SF","GARTER","HIT","2019-03-16 03:58:06"
"SF","PMAC","HIT","2019-03-16 03:58:21"
"SF","MELONS","MISS","2019-03-16 03:58:34"
"SF","GARTER","MISS","2019-03-16 03:58:43"
"SF","NAKHLA","MISS","2019-03-16 03:58:55"
"SF","MELONS","MISS","2019-03-16 03:59:01"
"SF","MELONS","TRICKSHOT MISS","2019-03-16 03:59:08"
"SF","PMAC","MISS","2019-03-16 03:59:18"
"SF","GARTER","HIT","2019-03-16 03:59:22"
"SF","NAKHLA","MISS","2019-03-16 03:59:36"
"SF","MELONS","MISS","2019-03-16 03:59:42"
"SF","PMAC","MISS","2019-03-16 04:00:00"
"SF","GARTER","MISS","2019-03-16 04:00:07"
"SF","NAKHLA","MISS","2019-03-16 04:00:13"
"SF","MELONS","MISS","2019-03-16 04:00:18"
"SF","PMAC","MISS","2019-03-16 04:00:22"
"SF","GARTER","MISS","2019-03-16 04:00:28"
"SF","NAKHLA","MISS","2019-03-16 04:00:36"
"SF","PMAC","MISS","2019-03-16 04:00:43"
"SF","MELONS","MISS","2019-03-16 04:00:48"
"SF","GARTER","HIT","2019-03-16 04:00:56"
"PF","CHIEF","MISS","2019-03-16 04:16:45"
"PF","LESTER","MISS","2019-03-16 04:16:52"
"PF","MELONS","MISS","2019-03-16 04:17:30"
"PF","PMAC","HIT","2019-03-16 04:17:34"
"PF","CHIEF","MISS","2019-03-16 04:18:12"
"PF","LESTER","MISS","2019-03-16 04:18:15"
"PF","MELONS","MISS","2019-03-16 04:18:19"
"PF","MELONS","TRICKSHOT MISS","2019-03-16 04:18:25"
"PF","PMAC","MISS","2019-03-16 04:18:36"
"PF","CHIEF","HIT","2019-03-16 04:18:39"
"PF","LESTER","MISS","2019-03-16 04:18:40"
"PF","MELONS","MISS","2019-03-16 04:18:54"
"PF","PMAC","MISS","2019-03-16 04:19:14"
"PF","PMAC","TRICKSHOT MISS","2019-03-16 04:19:36"
"PF","CHIEF","HIT","2019-03-16 04:19:37"
"PF","LESTER","MISS","2019-03-16 04:19:41"
"PF","PMAC","MISS","2019-03-16 04:19:51"
"PF","MELONS","MISS","2019-03-16 04:19:58"
"PF","CHIEF","MISS","2019-03-16 04:20:07"
"PF","LESTER","HIT","2019-03-16 04:20:09"
"PF","CHIEF","TRICKSHOT MISS","2019-03-16 04:20:21"
"PF","MELONS","MISS","2019-03-16 04:20:26"
"PF","PMAC","MISS","2019-03-16 04:20:32"
"PF","CHIEF","TRICKSHOT MISS","2019-03-16 04:20:36"
"PF","CHIEF","MISS","2019-03-16 04:20:44"
"PF","LESTER","MISS","2019-03-16 04:20:47"
"PF","PMAC","MISS","2019-03-16 04:20:53"
"PF","MELONS","HIT","2019-03-16 04:20:57"
"PF","CHIEF","HIT","2019-03-16 04:21:14"
"PF","LESTER","MISS","2019-03-16 04:22:05"
"PF","PMAC","MISS","2019-03-16 04:22:27"
"PF","MELONS","MISS","2019-03-16 04:22:28"
"PF","CHIEF","HIT","2019-03-16 04:22:33"
"PF","LESTER","BALLS BACK","2019-03-16 04:22:35"
"PF","CHIEF","MISS","2019-03-16 04:23:12"
"PF","LESTER","MISS","2019-03-16 04:23:13"
"PF","MELONS","MISS","2019-03-16 04:23:15"
"PF","PMAC","MISS","2019-03-16 04:23:31"
"PF","CHIEF","MISS","2019-03-16 04:23:40"
"PF","LESTER","MISS","2019-03-16 04:23:42"
"PF","MELONS","MISS","2019-03-16 04:23:49"
"PF","PMAC","MISS","2019-03-16 04:24:06"
"PF","CHIEF","MISS","2019-03-16 04:24:08"
"PF","LESTER","MISS","2019-03-16 04:24:11"
"PF","MELONS","MISS","2019-03-16 04:24:17"
"PF","PMAC","OVERTHROW","2019-03-16 04:24:25"
"PF","LESTER","MISS","2019-03-16 04:24:31"
"PF","CHIEF","MISS","2019-03-16 04:24:33"
"PF","MELONS","MISS","2019-03-16 04:24:35"
"PF","PMAC","MISS","2019-03-16 04:25:19"
"PF","LESTER","MISS","2019-03-16 04:25:22"
"PF","CHIEF","MISS","2019-03-16 04:25:23"
"PF","MELONS","MISS","2019-03-16 04:25:34"
"PF","PMAC","MISS","2019-03-16 04:25:38"
"PF","LESTER","MISS","2019-03-16 04:25:48"
"PF","CHIEF","HIT","2019-03-16 04:25:52"
"PF","PMAC","HIT","2019-03-16 04:26:01"
"PF","MELONS","MISS","2019-03-16 04:26:07"
"PF","LESTER","OVERTHROW","2019-03-16 04:26:16"
"PF","CHIEF","MISS","2019-03-16 04:26:40"
"PF","CHIEF","TRICKSHOT MISS","2019-03-16 04:26:43"
"PF","MELONS","HIT","2019-03-16 04:27:03"
"PF","PMAC","BALLS BACK","2019-03-16 04:27:18"
"PF","PMAC","MISS","2019-03-16 04:27:52"
"PF","MELONS","MISS","2019-03-16 04:27:56"
"PF","CHIEF","MISS","2019-03-16 04:28:08"
"PF","LESTER","OVERTHROW","2019-03-16 04:28:12"
"PF","MELONS","HIT","2019-03-16 04:28:17"
"PF","PMAC","MISS","2019-03-16 04:28:37"
"PF","CHIEF","MISS","2019-03-16 04:28:58"
"PF","LESTER","MISS","2019-03-16 04:28:59"
"PF","MELONS","MISS","2019-03-16 04:29:07"
"PF","PMAC","MISS","2019-03-16 04:29:16"
"PF","PMAC","MISS","2019-03-16 04:29:54"
"PF","MELONS","MISS","2019-03-16 04:29:56"
"PF","CHIEF","HIT","2019-03-16 04:29:59"
"PF","CHIEF","HIT","2019-03-16 04:38:11"
"GF","GARTER","MISS","2019-03-16 04:42:11"
"GF","NAKHLA","MISS","2019-03-16 04:42:41"
"GF","GARTER","TRICKSHOT MISS","2019-03-16 04:42:44"
"GF","RICHO","TRICKSHOT MISS","2019-03-16 04:42:48"
"GF","KAPPAZ","HIT","2019-03-16 04:42:53"
"GF","RICHO","MISS","2019-03-16 04:42:57"
"GF","GARTER","MISS","2019-03-16 04:43:18"
"GF","NAKHLA","MISS","2019-03-16 04:43:23"
"GF","KAPPAZ","MISS","2019-03-16 04:43:39"
"GF","RICHO","MISS","2019-03-16 04:43:43"
"GF","GARTER","OVERTHROW","2019-03-16 04:43:54"
"GF","NAKHLA","MISS","2019-03-16 04:44:00"
"GF","RICHO","MISS","2019-03-16 04:44:13"
"GF","KAPPAZ","MISS","2019-03-16 04:44:20"
"GF","RICHO","TRICKSHOT MISS","2019-03-16 04:44:25"
"GF","NAKHLA","HIT","2019-03-16 04:44:32"
"GF","GARTER","MISS","2019-03-16 04:44:40"
"GF","RICHO","MISS","2019-03-16 04:44:48"
"GF","KAPPAZ","MISS","2019-03-16 04:45:01"
"GF","GARTER","MISS","2019-03-16 04:45:14"
"GF","NAKHLA","MISS","2019-03-16 04:45:22"
"GF","RICHO","MISS","2019-03-16 04:45:23"
"GF","KAPPAZ","MISS","2019-03-16 04:45:29"
"GF","GARTER","MISS","2019-03-16 04:45:35"
"GF","NAKHLA","MISS","2019-03-16 04:45:42"
"GF","KAPPAZ","MISS","2019-03-16 04:45:55"
"GF","RICHO","MISS","2019-03-16 04:46:00"
"GF","GARTER","MISS","2019-03-16 04:46:07"
"GF","NAKHLA","HIT","2019-03-16 04:46:16"
"GF","RICHO","HIT","2019-03-16 04:46:25"
"GF","KAPPAZ","MISS","2019-03-16 04:46:34"
"GF","GARTER","MISS","2019-03-16 04:46:53"
"GF","NAKHLA","MISS","2019-03-16 04:47:06"
"GF","KAPPAZ","TRICKSHOT HIT","2019-03-16 04:47:24"
"GF","RICHO","HIT","2019-03-16 04:47:44"
"GF","KAPPAZ","MISS","2019-03-16 04:47:56"
"GF","GARTER","HIT","2019-03-16 04:48:19"
"GF","NAKHLA","MISS","2019-03-16 04:48:36"
"GF","RICHO","MISS","2019-03-16 04:49:05"
"GF","KAPPAZ","MISS","2019-03-16 04:49:09"
"GF","GARTER","HIT","2019-03-16 04:49:19"
"GF","NAKHLA","BALLS BACK","2019-03-16 04:49:26"
"GF","GARTER","MISS","2019-03-16 04:49:54"
"GF","NAKHLA","MISS","2019-03-16 04:50:01"
"GF","RICHO","MISS","2019-03-16 04:50:11"
"GF","KAPPAZ","MISS","2019-03-16 04:50:16"
"GF","GARTER","MISS","2019-03-16 04:50:21"
"GF","NAKHLA","MISS","2019-03-16 04:50:29"
"GF","KAPPAZ","TRICKSHOT MISS","2019-03-16 04:50:35"
"GF","KAPPAZ","HIT","2019-03-16 04:50:41"
"GF","RICHO","MISS","2019-03-16 04:50:44"
"GF","GARTER","MISS","2019-03-16 04:51:05"
"GF","NAKHLA","MISS","2019-03-16 04:51:11"
"GF","RICHO","HIT","2019-03-16 04:51:31"
"GF","KAPPAZ","MISS","2019-03-16 04:51:40"
"GF","GARTER","HIT","2019-03-16 04:51:52"
"GF","NAKHLA","MISS","2019-03-16 04:52:10"
"GF","KAPPAZ","MISS","2019-03-16 04:52:31"
"GF","RICHO","MISS","2019-03-16 04:52:33"
"GF","NAKHLA","MISS","2019-03-16 04:52:39"
"GF","GARTER","MISS","2019-03-16 04:52:43"
"GF","RICHO","TRICKSHOT MISS","2019-03-16 04:52:47"
"GF","KAPPAZ","TRICKSHOT MISS","2019-03-16 04:52:53"
"GF","RICHO","MISS","2019-03-16 04:53:01"
"GF","KAPPAZ","MISS","2019-03-16 04:53:05"
"GF","KAPPAZ","TRICKSHOT MISS","2019-03-16 04:53:13"
"GF","GARTER","HIT","2019-03-16 04:53:21"
"GF","NAKHLA","MISS","2019-03-16 04:53:29"
"GF","RICHO","HIT","2019-03-16 04:53:39"
"GF","KAPPAZ","MISS","2019-03-16 04:53:59"
"GF","NAKHLA","HIT","2019-03-16 04:54:17"
"GF","GARTER","MISS","2019-03-16 04:54:27"
"GF","RICHO","MISS","2019-03-16 04:54:46"
"GF","KAPPAZ","MISS","2019-03-16 04:54:49"
"GF","GARTER","MISS","2019-03-16 04:54:58"
"GF","NAKHLA","MISS","2019-03-16 04:55:09"
"GF","RICHO","MISS","2019-03-16 04:55:13"
"GF","KAPPAZ","MISS","2019-03-16 04:55:16"
"GF","GARTER","MISS","2019-03-16 04:55:25"
"GF","NAKHLA","MISS","2019-03-16 04:55:31"
"GF","RICHO","MISS","2019-03-16 04:55:35"
"GF","KAPPAZ","MISS","2019-03-16 04:55:39"
"GF","GARTER","MISS","2019-03-16 04:55:46"
"GF","NAKHLA","MISS","2019-03-16 04:55:52"
"GF","RICHO","MISS","2019-03-16 04:55:56"
"GF","KAPPAZ","HIT","2019-03-16 04:56:02"
"GF","GARTER","MISS","2019-03-16 04:56:14"
"GF","NAKHLA","MISS","2019-03-16 04:56:31"
"GF","RICHO","HIT","2019-03-16 04:56:38"
"IP4","LESTER","MISS","2019-03-16 05:06:23"
"IP4","LESTER","MISS","2019-03-16 05:06:25"
"IP4","CHIEF","TRICKSHOT MISS","2019-03-16 05:06:34"
"IP4","CHIEF","MISS","2019-03-16 05:06:37"
"IP4","CHIEF","MISS","2019-03-16 05:06:38"
"IP4","LESTER","MISS","2019-03-16 05:06:47"
"IP4","LESTER","MISS","2019-03-16 05:06:50"
"IP4","CHIEF","MISS","2019-03-16 05:06:54"
"IP4","CHIEF","MISS","2019-03-16 05:06:55"
"IP4","LESTER","MISS","2019-03-16 05:07:10"
"IP4","LESTER","MISS","2019-03-16 05:07:11"
"IP4","CHIEF","MISS","2019-03-16 05:07:15"
"IP4","CHIEF","HIT","2019-03-16 05:07:17"
"IP4","LESTER","MISS","2019-03-16 05:08:01"
"IP4","LESTER","MISS","2019-03-16 05:08:04"
"IP4","CHIEF","MISS","2019-03-16 05:08:11"
"IP4","CHIEF","MISS","2019-03-16 05:08:12"
"IP4","LESTER","MISS","2019-03-16 05:08:25"
"IP4","LESTER","MISS","2019-03-16 05:08:26"
"IP4","LESTER","TRICKSHOT MISS","2019-03-16 05:08:38"
"IP4","CHIEF","MISS","2019-03-16 05:08:46"
"IP4","CHIEF","MISS","2019-03-16 05:08:49"
"IP4","LESTER","MISS","2019-03-16 05:08:59"
"IP4","LESTER","MISS","2019-03-16 05:09:00"
"IP4","CHIEF","MISS","2019-03-16 05:09:02"
"IP4","CHIEF","HIT","2019-03-16 05:09:03"
"IP4","LESTER","MISS","2019-03-16 05:10:23"
"IP4","CHIEF","MISS","2019-03-16 05:10:25"
"IP4","CHIEF","HIT","2019-03-16 05:10:35"
"IP4","LESTER","MISS","2019-03-16 05:11:31"
"IP4","LESTER","HIT","2019-03-16 05:11:33"
"IP4","CHIEF","MISS","2019-03-16 05:12:04"
"IP4","CHIEF","MISS","2019-03-16 05:12:06"
"IP4","LESTER","MISS","2019-03-16 05:12:24"
"IP4","LESTER","MISS","2019-03-16 05:12:26"
"IP4","CHIEF","HIT","2019-03-16 05:12:29"
"IP4","CHIEF","MISS","2019-03-16 05:12:31"
"IP4","CHIEF","TRICKSHOT MISS","2019-03-16 05:12:36"
"IP4","LESTER","MISS","2019-03-16 05:13:28"
"IP4","LESTER","MISS","2019-03-16 05:13:29"
"IP4","LESTER","TRICKSHOT MISS","2019-03-16 05:13:35"
"IP4","CHIEF","MISS","2019-03-16 05:13:43"
"IP4","CHIEF","MISS","2019-03-16 05:13:44"
"IP4","LESTER","MISS","2019-03-16 05:13:50"
"IP4","LESTER","MISS","2019-03-16 05:13:51"
"IP4","CHIEF","MISS","2019-03-16 05:13:56"
"IP4","CHIEF","MISS","2019-03-16 05:13:57"
"IP4","CHIEF","TRICKSHOT MISS","2019-03-16 05:14:01"
"IP4","LESTER","MISS","2019-03-16 05:14:07"
"IP4","LESTER","HIT","2019-03-16 05:14:09"
"IP4","CHIEF","MISS","2019-03-16 05:14:42"
"IP4","CHIEF","MISS","2019-03-16 05:14:43"
"IP4","LESTER","TRICKSHOT MISS","2019-03-16 05:14:47"
"IP4","LESTER","MISS","2019-03-16 05:14:53"
"IP4","LESTER","MISS","2019-03-16 05:14:54"
"IP4","CHIEF","MISS","2019-03-16 05:15:01"
"IP4","CHIEF","MISS","2019-03-16 05:15:02"
"IP4","LESTER","MISS","2019-03-16 05:15:06"
"IP4","LESTER","MISS","2019-03-16 05:15:07"
"IP4","CHIEF","MISS","2019-03-16 05:15:22"
"IP4","CHIEF","MISS","2019-03-16 05:15:23"
"IP4","LESTER","MISS","2019-03-16 05:15:33"
"IP4","LESTER","OVERTHROW","2019-03-16 05:15:34"
"IP4","CHIEF","MISS","2019-03-16 05:16:22"
"IP4","CHIEF","MISS","2019-03-16 05:16:25"
"IP4","LESTER","MISS","2019-03-16 05:16:32"
"IP4","LESTER","MISS","2019-03-16 05:16:33"
"IP4","CHIEF","MISS","2019-03-16 05:16:39"
"IP4","CHIEF","MISS","2019-03-16 05:16:42"
"IP4","CHIEF","TRICKSHOT MISS","2019-03-16 05:16:47"
"IP4","LESTER","MISS","2019-03-16 05:16:48"
"IP4","LESTER","MISS","2019-03-16 05:16:53"
"IP4","LESTER","TRICKSHOT MISS","2019-03-16 05:16:57"
"IP4","CHIEF","MISS","2019-03-16 05:17:04"
"IP4","CHIEF","MISS","2019-03-16 05:17:05"
"IP4","LESTER","MISS","2019-03-16 05:17:08"
"IP4","LESTER","MISS","2019-03-16 05:17:11"
"IP4","CHIEF","TRICKSHOT MISS","2019-03-16 05:17:13"
"IP4","CHIEF","MISS","2019-03-16 05:17:15"
"IP4","CHIEF","MISS","2019-03-16 05:17:17"
"IP4","LESTER","MISS","2019-03-16 05:17:25"
"IP4","LESTER","MISS","2019-03-16 05:17:27"
"IP4","CHIEF","MISS","2019-03-16 05:17:42"
"IP4","CHIEF","MISS","2019-03-16 05:17:43"
"IP4","LESTER","MISS","2019-03-16 05:17:54"
"IP4","LESTER","MISS","2019-03-16 05:17:55"
"IP4","CHIEF","MISS","2019-03-16 05:17:59"
"IP4","CHIEF","TRICKSHOT MISS","2019-03-16 05:18:01"
"IP4","CHIEF","MISS","2019-03-16 05:18:02"
"IP4","LESTER","MISS","2019-03-16 05:18:16"
"IP4","LESTER","MISS","2019-03-16 05:18:17"
"IP4","CHIEF","MISS","2019-03-16 05:18:32"
"IP4","CHIEF","MISS","2019-03-16 05:18:33"
"IP4","LESTER","MISS","2019-03-16 05:18:35"
"IP4","LESTER","HIT","2019-03-16 05:18:36"
"IP4","CHIEF","MISS","2019-03-16 05:19:02"
"IP4","CHIEF","MISS","2019-03-16 05:19:04"
"IP4","LESTER","MISS","2019-03-16 05:19:10"
"IP4","LESTER","MISS","2019-03-16 05:19:12"
"IP4","CHIEF","MISS","2019-03-16 05:19:15"
"IP4","CHIEF","MISS","2019-03-16 05:19:17"
"IP4","CHIEF","TRICKSHOT MISS","2019-03-16 05:19:19"
"IP4","LESTER","HIT","2019-03-16 05:19:22"
"IP4","LESTER","MISS","2019-03-16 05:19:24"
"IP4","CHIEF","OVERTHROW","2019-03-16 05:19:36"
"IP4","CHIEF","HIT","2019-03-16 05:19:45"
"IP3","MELONS","MISS","2019-03-16 05:32:34"
"IP3","MELONS","MISS","2019-03-16 05:32:37"
"IP3","PMAC","MISS","2019-03-16 05:32:44"
"IP3","PMAC","MISS","2019-03-16 05:32:50"
"IP3","PMAC","TRICKSHOT MISS","2019-03-16 05:33:00"
"IP3","PMAC","TRICKSHOT MISS","2019-03-16 05:33:02"
"IP3","MELONS","MISS","2019-03-16 05:33:07"
"IP3","MELONS","MISS","2019-03-16 05:33:09"
"IP3","PMAC","HIT","2019-03-16 05:33:18"
"IP3","PMAC","MISS","2019-03-16 05:33:22"
"IP3","MELONS","MISS","2019-03-16 05:33:40"
"IP3","MELONS","TRICKSHOT MISS","2019-03-16 05:33:50"
"IP3","MELONS","MISS","2019-03-16 05:33:52"
"IP3","PMAC","MISS","2019-03-16 05:34:14"
"IP3","PMAC","MISS","2019-03-16 05:34:15"
"IP3","MELONS","MISS","2019-03-16 05:34:16"
"IP3","MELONS","MISS","2019-03-16 05:34:17"
"IP3","PMAC","MISS","2019-03-16 05:34:43"
"IP3","PMAC","HIT","2019-03-16 05:34:45"
"IP3","MELONS","TRICKSHOT MISS","2019-03-16 05:34:49"
"IP3","MELONS","MISS","2019-03-16 05:35:07"
"IP3","MELONS","MISS","2019-03-16 05:35:09"
"IP3","PMAC","TRICKSHOT MISS","2019-03-16 05:35:14"
"IP3","PMAC","MISS","2019-03-16 05:35:24"
"IP3","PMAC","MISS","2019-03-16 05:35:28"
"IP3","MELONS","MISS","2019-03-16 05:35:42"
"IP3","MELONS","MISS","2019-03-16 05:35:43"
"IP3","MELONS","TRICKSHOT MISS","2019-03-16 05:35:54"
"IP3","PMAC","MISS","2019-03-16 05:36:06"
"IP3","PMAC","MISS","2019-03-16 05:36:08"
"IP3","MELONS","MISS","2019-03-16 05:36:12"
"IP3","PMAC","MISS","2019-03-16 05:36:19"
"IP3","PMAC","MISS","2019-03-16 05:36:29"
"IP3","MELONS","MISS","2019-03-16 05:36:38"
"IP3","MELONS","HIT","2019-03-16 05:36:40"
"IP3","PMAC","MISS","2019-03-16 05:37:13"
"IP3","PMAC","MISS","2019-03-16 05:37:16"
"IP3","MELONS","HIT","2019-03-16 05:37:21"
"IP3","MELONS","MISS","2019-03-16 05:37:23"
"IP3","MELONS","TRICKSHOT MISS","2019-03-16 05:38:04"
"IP3","MELONS","MISS","2019-03-16 05:38:09"
"IP3","MELONS","HIT","2019-03-16 05:38:11"
"IP3","PMAC","MISS","2019-03-16 05:38:16"
"IP3","PMAC","MISS","2019-03-16 05:38:17"
"IP3","PMAC","MISS","2019-03-16 05:38:44"
"IP3","PMAC","HIT","2019-03-16 05:38:49"
"IP3","MELONS","TRICKSHOT MISS","2019-03-16 05:38:54"
"IP3","MELONS","HIT","2019-03-16 05:39:19"
"IP3","MELONS","MISS","2019-03-16 05:39:20"
"IP3","PMAC","HIT","2019-03-16 05:40:16"
"IP3","PMAC","MISS","2019-03-16 05:40:29"
"IP3","MELONS","MISS","2019-03-16 05:40:53"
"IP3","MELONS","OVERTHROW","2019-03-16 05:40:55"
"IP3","PMAC","MISS","2019-03-16 05:41:27"
"IP3","PMAC","MISS","2019-03-16 05:41:33"
"IP3","MELONS","MISS","2019-03-16 05:41:38"
"IP3","MELONS","TRICKSHOT MISS","2019-03-16 05:41:43"
"IP3","MELONS","MISS","2019-03-16 05:41:46"
"IP3","PMAC","MISS","2019-03-16 05:41:57"
"IP3","PMAC","MISS","2019-03-16 05:42:03"
"IP3","MELONS","MISS","2019-03-16 05:42:09"
"IP3","MELONS","TRICKSHOT MISS","2019-03-16 05:42:12"
"IP3","MELONS","MISS","2019-03-16 05:42:23"
"IP3","PMAC","MISS","2019-03-16 05:42:24"
"IP3","PMAC","OVERTHROW","2019-03-16 05:42:33"
"IP3","MELONS","MISS","2019-03-16 05:42:38"
"IP3","MELONS","MISS","2019-03-16 05:42:40"
"IP3","MELONS","TRICKSHOT MISS","2019-03-16 05:42:55"
"IP3","PMAC","MISS","2019-03-16 05:43:11"
"IP3","PMAC","MISS","2019-03-16 05:43:17"
"IP3","MELONS","MISS","2019-03-16 05:43:26"
"IP3","MELONS","MISS","2019-03-16 05:43:28"
"IP3","PMAC","MISS","2019-03-16 05:43:48"
"IP3","PMAC","MISS","2019-03-16 05:43:50"
"IP3","MELONS","MISS","2019-03-16 05:43:52"
"IP3","MELONS","MISS","2019-03-16 05:43:54"
"IP3","PMAC","MISS","2019-03-16 05:43:57"
"IP3","PMAC","MISS","2019-03-16 05:43:59"
"IP3","MELONS","HIT","2019-03-16 05:44:04"
"IP2","NAKHLA","MISS","2019-03-16 05:51:21"
"IP2","NAKHLA","MISS","2019-03-16 05:51:30"
"IP2","GARTER","MISS","2019-03-16 05:51:33"
"IP2","GARTER","MISS","2019-03-16 05:51:35"
"IP2","NAKHLA","MISS","2019-03-16 05:51:39"
"IP2","NAKHLA","MISS","2019-03-16 05:51:41"
"IP2","GARTER","MISS","2019-03-16 05:51:48"
"IP2","GARTER","MISS","2019-03-16 05:51:51"
"IP2","NAKHLA","MISS","2019-03-16 05:51:56"
"IP2","NAKHLA","MISS","2019-03-16 05:52:00"
"IP2","GARTER","TRICKSHOT MISS","2019-03-16 05:52:08"
"IP2","GARTER","MISS","2019-03-16 05:52:16"
"IP2","GARTER","HIT","2019-03-16 05:52:19"
"IP2","NAKHLA","MISS","2019-03-16 05:52:41"
"IP2","NAKHLA","HIT","2019-03-16 05:52:48"
"IP2","GARTER","MISS","2019-03-16 05:53:15"
"IP2","GARTER","MISS","2019-03-16 05:53:16"
"IP2","GARTER","TRICKSHOT MISS","2019-03-16 05:53:30"
"IP2","NAKHLA","MISS","2019-03-16 05:53:33"
"IP2","NAKHLA","HIT","2019-03-16 05:53:38"
"IP2","GARTER","HIT","2019-03-16 05:54:12"
"IP2","GARTER","MISS","2019-03-16 05:54:15"
"IP2","NAKHLA","HIT","2019-03-16 05:54:39"
"IP2","NAKHLA","MISS","2019-03-16 05:54:46"
"IP2","GARTER","MISS","2019-03-16 05:55:28"
"IP2","GARTER","MISS","2019-03-16 05:55:31"
"IP2","NAKHLA","TRICKSHOT MISS","2019-03-16 05:55:43"
"IP2","NAKHLA","HIT","2019-03-16 05:55:50"
"IP2","NAKHLA","MISS","2019-03-16 05:55:55"
"IP2","GARTER","MISS","2019-03-16 05:56:22"
"IP2","GARTER","MISS","2019-03-16 05:56:23"
"IP2","NAKHLA","HIT","2019-03-16 05:56:29"
"IP2","NAKHLA","MISS","2019-03-16 05:56:34"
"IP2","NAKHLA","TRICKSHOT MISS","2019-03-16 05:56:39"
"IP2","GARTER","MISS","2019-03-16 05:59:02"
"IP2","GARTER","MISS","2019-03-16 05:59:04"
"IP2","NAKHLA","MISS","2019-03-16 05:59:16"
"IP2","NAKHLA","MISS","2019-03-16 05:59:26"
"IP2","GARTER","MISS","2019-03-16 05:59:38"
"IP2","GARTER","MISS","2019-03-16 05:59:41"
"IP2","NAKHLA","TRICKSHOT MISS","2019-03-16 05:59:46"
"IP2","NAKHLA","HIT","2019-03-16 05:59:56"
"IP1","RICHO","MISS","2019-03-16 06:11:59"
"IP1","RICHO","MISS","2019-03-16 06:12:02"
"IP1","KAPPAZ","MISS","2019-03-16 06:12:13"
"IP1","KAPPAZ","MISS","2019-03-16 06:12:15"
"IP1","RICHO","TRICKSHOT MISS","2019-03-16 06:12:19"
"IP1","RICHO","MISS","2019-03-16 06:12:24"
"IP1","RICHO","MISS","2019-03-16 06:12:30"
"IP1","KAPPAZ","MISS","2019-03-16 06:12:38"
"IP1","KAPPAZ","HIT","2019-03-16 06:12:40"
"IP1","RICHO","MISS","2019-03-16 06:12:56"
"IP1","RICHO","MISS","2019-03-16 06:12:58"
"IP1","KAPPAZ","TRICKSHOT HIT","2019-03-16 06:13:06"
"IP1","KAPPAZ","MISS","2019-03-16 06:13:33"
"IP1","KAPPAZ","TRICKSHOT MISS","2019-03-16 06:13:37"
"IP1","KAPPAZ","HIT","2019-03-16 06:13:41"
"IP1","RICHO","MISS","2019-03-16 06:14:05"
"IP1","RICHO","HIT","2019-03-16 06:14:08"
"IP1","KAPPAZ","HIT","2019-03-16 06:14:34"
"IP1","KAPPAZ","MISS","2019-03-16 06:14:38"
"IP1","RICHO","MISS","2019-03-16 06:15:01"
"IP1","RICHO","MISS","2019-03-16 06:15:04"
"IP1","KAPPAZ","MISS","2019-03-16 06:15:15"
"IP1","KAPPAZ","MISS","2019-03-16 06:15:17"
"IP1","RICHO","MISS","2019-03-16 06:15:32"
"IP1","RICHO","MISS","2019-03-16 06:15:35"
"IP1","KAPPAZ","MISS","2019-03-16 06:15:45"
"IP1","KAPPAZ","MISS","2019-03-16 06:15:47"
"IP1","RICHO","TRICKSHOT MISS","2019-03-16 06:15:50"
"IP1","RICHO","MISS","2019-03-16 06:15:56"
"IP1","RICHO","MISS","2019-03-16 06:15:58"
"IP1","KAPPAZ","MISS","2019-03-16 06:16:11"
"IP1","KAPPAZ","TRICKSHOT MISS","2019-03-16 06:16:15"
"IP1","KAPPAZ","MISS","2019-03-16 06:16:21"
"IP1","KAPPAZ","TRICKSHOT MISS","2019-03-16 06:16:24"
"IP1","RICHO","MISS","2019-03-16 06:16:28"
"IP1","RICHO","HIT","2019-03-16 06:16:31"
"IP1","KAPPAZ","MISS","2019-03-16 06:17:07"
"IP1","KAPPAZ","HIT","2019-03-16 06:17:08"
"IP1","RICHO","MISS","2019-03-16 06:17:24"
"IP1","RICHO","TRICKSHOT MISS","2019-03-16 06:17:29"
"IP1","RICHO","MISS","2019-03-16 06:17:33"
"IP1","KAPPAZ","MISS","2019-03-16 06:17:42"
"IP1","KAPPAZ","MISS","2019-03-16 06:17:44"
"IP1","RICHO","MISS","2019-03-16 06:18:00"
"IP1","RICHO","MISS","2019-03-16 06:18:05"
